run,K,acceptance,mean_llm_calls,n_slots
physics_file_k3,0,0.5622222222222222,1.0,450
physics_file_k3,1,0.6555555555555556,1.4377777777777778,450
physics_file_k3,2,0.7333333333333333,1.7822222222222222,450
physics_file_k3,3,0.7888888888888889,2.048888888888889,450
