method,class,n,verifier_pass_rate,rms_mean,rms_ref_median,kurtosis_mean,kurtosis_ref_median,crest_mean,crest_ref_median,band_l1_mean,psd_w1_mean,psd_w1_p90,env_prominence_mean,nn_syn_real_mean,nn_syn_real_p05
rule_smoke_v5,healthy,13,1.0,0.07554435729980469,0.07337278872728348,2.7256028285393348,2.7457573413848877,3.231222050356287,3.1566358012155713,0.07718876404578842,29.29025658094808,40.16065765616102,,0.11614799900696827,0.10796192437410354
rule_smoke_v5,IR,37,1.0,0.29999696725123637,0.2987423539161682,11.749225204055374,5.936953544616699,6.794133453527015,5.514186774803054,0.037668102738428404,229.59054723406544,242.7353586708643,9.322082845423136,0.5309463578301508,0.5085675239562988
rule_smoke_v5,B,31,1.0,0.13986678854111703,0.13869181275367737,8.269646875319943,3.6600239276885986,6.408487251922037,4.140568338906324,0.05203210198675918,77.33157749883098,99.05781916128963,9.622778521227344,0.24658003016825644,0.23095295578241348
rule_smoke_v5,OR,40,1.0,0.39276854544878004,0.39072805643081665,10.215048956871033,7.427388668060303,5.868996136374265,5.4573824212598225,0.09606452781756178,209.6749807207038,220.74710990921906,9.451082714519824,0.6220974728465081,0.590259101986885
llm_combined_v4,healthy,42,1.0,0.07348443461315972,0.07337278872728348,2.6023829721269154,2.7457573413848877,3.1091256137526866,3.1566358012155713,0.015076934226757805,34.585516192094666,43.040046484417346,,0.14863437627043044,0.14458882585167884
llm_combined_v4,IR,25,1.0,0.3079999995231628,0.2987423539161682,8.589653224945069,5.936953544616699,5.809573950518253,5.514186774803054,0.04158334112427408,231.71072257256318,241.05180484375134,11.6786164288764,0.5454997229576111,0.5128630995750427
llm_combined_v4,B,21,1.0,0.1434869673990068,0.13869181275367737,7.9543441817874,3.6600239276885986,5.731255087083429,4.140568338906324,0.05310655454711792,88.12623730467106,108.41355279486106,9.211876621881796,0.2529758293004263,0.24410316348075867
llm_combined_v4,OR,25,1.0,0.38914560437202456,0.39072805643081665,11.401909942626952,7.427388668060303,5.714959187460507,5.4573824212598225,0.09640207524145333,222.4713583590484,236.1478202751097,12.063759221893406,0.6176203989982605,0.6053556561470032
