{
  "Layer 1 Down": {
    "n": 10,
    "mean": [
      -0.38799428939819336,
      -0.0306109432131052,
      17.431209564208984,
      326.8999938964844,
      325.6343688964844,
      322.0296936035156
    ],
    "std": [
      4.281416893005371,
      4.525537967681885,
      8.413813591003418,
      1.2903488874435425,
      1.3017078638076782,
      3.562485694885254
    ]
  },
  "Layer 1 Up": {
    "n": 16,
    "mean": [
      -0.7467103004455566,
      0.8181161880493164,
      15.532923698425293,
      327.30859375,
      326.029296875,
      323.0625
    ],
    "std": [
      3.807171106338501,
      3.9087231159210205,
      9.607945442199707,
      1.5073013305664062,
      1.5746779441833496,
      4.125946998596191
    ]
  },
  "Layer 2 Down": {
    "n": 10,
    "mean": [
      0.6678153276443481,
      -1.275932788848877,
      17.410770416259766,
      326.82501220703125,
      325.515625,
      322.2671813964844
    ],
    "std": [
      4.095357894897461,
      4.4418625831604,
      8.106818199157715,
      1.1834800243377686,
      1.1804684400558472,
      3.2043209075927734
    ]
  },
  "Layer 2 Up": {
    "n": 17,
    "mean": [
      -0.7396726608276367,
      0.5087132453918457,
      17.90751838684082,
      326.8924560546875,
      325.6167297363281,
      322.0882263183594
    ],
    "std": [
      4.054651737213135,
      4.243236541748047,
      8.585956573486328,
      0.9955871105194092,
      0.9968589544296265,
      3.352940797805786
    ]
  },
  "Layer 3 Down": {
    "n": 9,
    "mean": [
      -0.8073084950447083,
      -0.5623929500579834,
      16.73017120361328,
      326.8923645019531,
      325.6302185058594,
      322.3819580078125
    ],
    "std": [
      4.2744460105896,
      4.156861305236816,
      9.966362953186035,
      1.257840871810913,
      1.2708226442337036,
      3.7197792530059814
    ]
  },
  "Layer 3 Up": {
    "n": 10,
    "mean": [
      -1.2297470569610596,
      -0.3350246250629425,
      15.817866325378418,
      327.125,
      325.7875061035156,
      322.9437561035156
    ],
    "std": [
      3.8545002937316895,
      4.292414665222168,
      10.476572036743164,
      1.2028611898422241,
      1.2113395929336548,
      3.8737852573394775
    ]
  },
  "__global__": {
    "n": 72,
    "mean": [
      -0.5734281539916992,
      0.0036217081360518932,
      16.807289123535156,
      327.0089111328125,
      325.72222900390625,
      322.47698974609375
    ],
    "std": [
      4.0772600173950195,
      4.294330596923828,
      9.242735862731934,
      1.2635232210159302,
      1.2854728698730469,
      3.6901345252990723
    ]
  }
}
