source,class,n,median_total_rms,median_abs_mean,nan_inf
rule,healthy,80,392.6861862508774,114.4645767211914,0
rule,worn,80,429.89599053405686,116.53646087646484,0
random_open_loop,healthy,80,398.7726658455697,116.9793930053711,0
random_open_loop,worn,80,433.80705952599664,117.15672302246094,0
LLM_synthetic,healthy,60,395.04770366607977,115.555419921875,0
LLM_synthetic,worn,61,446.32844628583075,119.59759521484375,0
