{
  "candidates": [
    {
      "n_syn": 20,
      "core_pass_count": 2,
      "mean_delta_vs_best_core": -0.0057066206196495495
    },
    {
      "n_syn": 10,
      "core_pass_count": 2,
      "mean_delta_vs_best_core": -0.007063049319510277
    },
    {
      "n_syn": 40,
      "core_pass_count": 0,
      "mean_delta_vs_best_core": -0.01167127042570143
    }
  ]
}
