{
  "Layer 1 Down": {
    "n": 19,
    "mean": [
      -0.5447367429733276,
      -0.1102667823433876,
      16.559402465820312,
      326.9769592285156,
      325.7179260253906,
      322.2039489746094
    ],
    "std": [
      4.454144477844238,
      4.666536808013916,
      9.338260650634766,
      1.5286073684692383,
      1.5438356399536133,
      4.1918840408325195
    ]
  },
  "Layer 1 Up": {
    "n": 37,
    "mean": [
      -0.7495710253715515,
      0.5820297002792358,
      14.346867561340332,
      327.3348693847656,
      326.04730224609375,
      323.21282958984375
    ],
    "std": [
      4.009091377258301,
      4.085960388183594,
      10.940187454223633,
      1.5735673904418945,
      1.5889588594436646,
      4.681436538696289
    ]
  },
  "Layer 2 Down": {
    "n": 19,
    "mean": [
      -0.2808449864387512,
      -1.2524460554122925,
      16.19783592224121,
      326.98931884765625,
      325.6751708984375,
      322.5526428222656
    ],
    "std": [
      4.500396728515625,
      4.5194854736328125,
      9.236355781555176,
      1.3862758874893188,
      1.3755054473876953,
      3.948333263397217
    ]
  },
  "Layer 2 Up": {
    "n": 25,
    "mean": [
      -0.521949827671051,
      -0.2023046612739563,
      17.694847106933594,
      326.91876220703125,
      325.6087646484375,
      321.9668884277344
    ],
    "std": [
      4.090628147125244,
      4.499509811401367,
      9.135676383972168,
      1.2251116037368774,
      1.21013343334198,
      3.7088780403137207
    ]
  },
  "Layer 3 Down": {
    "n": 19,
    "mean": [
      -0.5400376319885254,
      -0.3144340217113495,
      16.587034225463867,
      327.084716796875,
      325.81744384765625,
      322.5370178222656
    ],
    "std": [
      4.203191757202148,
      4.247296333312988,
      9.52353572845459,
      1.2825614213943481,
      1.2867846488952637,
      3.740375280380249
    ]
  },
  "Layer 3 Up": {
    "n": 26,
    "mean": [
      -0.8876835703849792,
      0.10096429288387299,
      15.02800178527832,
      327.3269348144531,
      326.0090026855469,
      323.1556396484375
    ],
    "std": [
      3.980551242828369,
      4.444109916687012,
      10.430063247680664,
      1.3833125829696655,
      1.3646605014801025,
      4.238579750061035
    ]
  },
  "__global__": {
    "n": 145,
    "mean": [
      -0.6193751692771912,
      -0.08802229166030884,
      15.87224006652832,
      327.1367492675781,
      325.8427734375,
      322.68048095703125
    ],
    "std": [
      4.175102233886719,
      4.415152549743652,
      10.018183708190918,
      1.4277678728103638,
      1.4278484582901,
      4.195128440856934
    ]
  }
}
