{
  "boundary": "only config.SPLIT train-bearing PU windows are loaded; pseudo-held-out and formal held-out windows are unread",
  "white_noise_per_condition": 100,
  "conditions": [
    "N09_M07_F10",
    "N15_M01_F10",
    "N15_M07_F04",
    "N15_M07_F10"
  ],
  "asserted": {
    "OR": {
      "other_real_class": "IR",
      "quantiles": {
        "true_class": {
          "fund_prominence": {
            "min": 0.43017300316214147,
            "q01": 0.7773551603614884,
            "q05": 1.0891736606735667,
            "q10": 1.2875849883257535,
            "q50": 9.137695920984955,
            "q90": 27.531644485564982,
            "q95": 30.200296474051214,
            "q99": 36.13962888439394,
            "max": 50.860832926518675
          },
          "rate_contrast": {
            "min": -1.8908083168826426,
            "q01": -0.43138681915990335,
            "q05": -0.19453944665391318,
            "q10": -0.06464327064572747,
            "q50": 1.2751420934043751,
            "q90": 1.9603771972585635,
            "q95": 2.0801914135191693,
            "q99": 2.2521729100583365,
            "max": 2.557840377551166
          },
          "harm2_prominence": {
            "min": 0.5164983264835603,
            "q01": 0.9286287538380418,
            "q05": 1.1906700919215112,
            "q10": 1.3513705678184083,
            "q50": 3.6258479411550497,
            "q90": 20.74542162759786,
            "q95": 23.827637521850512,
            "q99": 30.042003675619956,
            "max": 41.63611489857097
          },
          "shaft_prominence": {
            "min": 0.36407020611045715,
            "q01": 0.8086513146806841,
            "q05": 1.0591144245791575,
            "q10": 1.2391291235872073,
            "q50": 2.984492437237453,
            "q90": 5.621325884444273,
            "q95": 6.099281660048252,
            "q99": 7.368584064675324,
            "max": 9.009828030808814
          },
          "ir_sideband_prominence": {
            "min": 0.0,
            "q01": 0.0,
            "q05": 0.0,
            "q10": 0.0,
            "q50": 0.0,
            "q90": 0.0,
            "q95": 0.0,
            "q99": 0.0,
            "max": 0.0
          }
        },
        "wrong_class": {
          "fund_prominence": {
            "min": 0.46782176638465384,
            "q01": 0.7610609484498205,
            "q05": 1.0,
            "q10": 1.119086067072514,
            "q50": 1.7848233704381753,
            "q90": 4.673936464532164,
            "q95": 6.371217504632066,
            "q99": 9.105982481628786,
            "max": 13.253028395602225
          },
          "rate_contrast": {
            "min": -1.412225724014161,
            "q01": -0.9595458382456062,
            "q05": -0.6418645170233297,
            "q10": -0.47687635794669997,
            "q50": 0.00607209611284687,
            "q90": 0.3530557304284964,
            "q95": 0.4479424213556,
            "q99": 0.6491024962382557,
            "max": 0.9606909372604626
          },
          "harm2_prominence": {
            "min": 0.3010438462985129,
            "q01": 0.7609288246858645,
            "q05": 1.0111015263013292,
            "q10": 1.1565238352909306,
            "q50": 1.9305901138986452,
            "q90": 4.8081422704131995,
            "q95": 6.02825651794966,
            "q99": 7.980918324372445,
            "max": 11.715530810919088
          },
          "shaft_prominence": {
            "min": 0.5290997121978229,
            "q01": 0.9483055589657902,
            "q05": 1.182022773700696,
            "q10": 1.3689505088201803,
            "q50": 2.3814941754349643,
            "q90": 5.88664415231729,
            "q95": 7.390433565618697,
            "q99": 10.34129707211981,
            "max": 14.568971576607245
          },
          "ir_sideband_prominence": {
            "min": 0.0,
            "q01": 0.0,
            "q05": 0.0,
            "q10": 0.0,
            "q50": 0.0,
            "q90": 0.0,
            "q95": 0.0,
            "q99": 0.0,
            "max": 0.0
          }
        },
        "white_noise": {
          "fund_prominence": {
            "min": 0.45703611537726613,
            "q01": 0.5742983323188839,
            "q05": 0.9365915987113367,
            "q10": 1.027129123241442,
            "q50": 1.5295051641779764,
            "q90": 2.3023465146041397,
            "q95": 2.529756817570048,
            "q99": 2.919178552846271,
            "max": 3.7311576386215415
          },
          "rate_contrast": {
            "min": -0.8699762569292038,
            "q01": -0.5950188243415571,
            "q05": -0.4618614048048969,
            "q10": -0.35119878466853544,
            "q50": 0.008597230786914711,
            "q90": 0.36130420113524664,
            "q95": 0.48008500545901917,
            "q99": 0.7332620341626896,
            "max": 0.96542774945862
          },
          "harm2_prominence": {
            "min": 0.5149057103699941,
            "q01": 0.6778207153557733,
            "q05": 0.9095829423407085,
            "q10": 1.0142099599261822,
            "q50": 1.5334922362266563,
            "q90": 2.2374656047852217,
            "q95": 2.550724927795631,
            "q99": 2.992071642168425,
            "max": 3.52175945992252
          },
          "shaft_prominence": {
            "min": 0.5905653603514303,
            "q01": 0.694806677400102,
            "q05": 0.9280902107133284,
            "q10": 1.0052480197638776,
            "q50": 1.5020692386212295,
            "q90": 2.1894476341181086,
            "q95": 2.3855034409841633,
            "q99": 2.955867198553983,
            "max": 3.527927621240781
          },
          "ir_sideband_prominence": {
            "min": 0.0,
            "q01": 0.0,
            "q05": 0.0,
            "q10": 0.0,
            "q50": 0.0,
            "q90": 0.0,
            "q95": 0.0,
            "q99": 0.0,
            "max": 0.0
          }
        }
      },
      "separation": {
        "fund_prominence": {
          "q10_true_minus_q90_wrong": -3.3863514762064106,
          "q10_true_minus_q90_white": -1.0147615262783862,
          "min_true_minus_max_wrong": -12.822855392440085,
          "min_true_minus_max_white": -3.3009846354594,
          "q10_separates_wrong": false,
          "q10_separates_white": false
        },
        "rate_contrast": {
          "q10_true_minus_q90_wrong": -0.41769900107422386,
          "q10_true_minus_q90_white": -0.42594747178097414,
          "min_true_minus_max_wrong": -2.8514992541431052,
          "min_true_minus_max_white": -2.8562360663412627,
          "q10_separates_wrong": false,
          "q10_separates_white": false
        },
        "harm2_prominence": {
          "q10_true_minus_q90_wrong": -3.456771702594791,
          "q10_true_minus_q90_white": -0.8860950369668135,
          "min_true_minus_max_wrong": -11.199032484435527,
          "min_true_minus_max_white": -3.0052611334389594,
          "q10_separates_wrong": false,
          "q10_separates_white": false
        },
        "shaft_prominence": {
          "q10_true_minus_q90_wrong": -4.647515028730083,
          "q10_true_minus_q90_white": -0.9503185105309013,
          "min_true_minus_max_wrong": -14.204901370496788,
          "min_true_minus_max_white": -3.163857415130324,
          "q10_separates_wrong": false,
          "q10_separates_white": false
        },
        "ir_sideband_prominence": {
          "q10_true_minus_q90_wrong": 0.0,
          "q10_true_minus_q90_white": 0.0,
          "min_true_minus_max_wrong": 0.0,
          "min_true_minus_max_white": 0.0,
          "q10_separates_wrong": false,
          "q10_separates_white": false
        }
      }
    },
    "IR": {
      "other_real_class": "OR",
      "quantiles": {
        "true_class": {
          "fund_prominence": {
            "min": 0.31585932288272495,
            "q01": 0.6823237712409359,
            "q05": 0.9304479519373583,
            "q10": 1.038878264640855,