{
  "candidates": [
    {
      "n_syn": 40,
      "core_pass_count": 2,
      "mean_delta_vs_best_core": -0.015525496149484877
    },
    {
      "n_syn": 10,
      "core_pass_count": 0,
      "mean_delta_vs_best_core": -0.018547881746949157
    },
    {
      "n_syn": 20,
      "core_pass_count": 0,
      "mean_delta_vs_best_core": -0.022441071573237974
    }
  ]
}
